﻿<?xml version="1.0" encoding="utf-8" standalone="no" ?>
<modDesc descVersion="62">
    <author>SHENANIGANS</author>


    <version>1.0.0.0</version>
    <title>
        <en>700 Artic Cat</en>
    </title>
    <description>
        <en>
            <![CDATA[ Your Mod Name   ]]>
        </en>
        <de>
            <![CDATA[ Your Mod Name  ]]>
        </de>
    </description>
	
	
    <iconFilename>store.dds</iconFilename>
    <multiplayer supported="true" />

    <storeItems>
        <storeItem xmlFilename="template.xml"/>
    </storeItems>
	
	<newcategory name="SHENANIGANS" title="SHENANIGANS_MODS" type="Vehicle" img="category_Shenanigans.dds" />
	
	<changeModTitle modTitle="SHENANIGANS"/>
    <brands>
        <brand name="ARTICCAT" title="ARTICCAT" image="brand.dds"/>
    </brands>	
	
    <extraSourceFiles>
		<sourceFile filename="scripts/categorizer.lua" />
		<sourceFile filename="scripts/ChangeModTitle.lua" />
	</extraSourceFiles>	
</modDesc>
