﻿<?xml version="1.0" encoding="utf-8" standalone="no" ?>
<vehicle type="carFillable">
    <annotation>Copyright (C) GIANTS Software GmbH, All Rights Reserved.</annotation>


    <storeData>
        <name>700 Artic Cat</name>
        <specs>
            <power>250</power>
            <maxSpeed>120</maxSpeed>
        </specs>
        <functions>
            <function>$l10n_function_car</function>


        </functions>
        <image>store.dds</image>
        <price>6000</price>
        <lifetime>600</lifetime>
        <rotation>0</rotation>
        <brand>ARTICCAT</brand>
        <category>SHENANIGANS</category>
        <vertexBufferMemoryUsage>1484212</vertexBufferMemoryUsage>
        <indexBufferMemoryUsage>360324</indexBufferMemoryUsage>
        <textureMemoryUsage>14330864</textureMemoryUsage>
        <instanceVertexBufferMemoryUsage>0</instanceVertexBufferMemoryUsage>
        <instanceIndexBufferMemoryUsage>0</instanceIndexBufferMemoryUsage>
    </storeData>

    <base>
        <typeDesc>$l10n_typeDesc_car</typeDesc>
		
		<!-- make sure to match this i3d to your renamed i3d -->
        <filename>template.i3d</filename>
		<sounds filename="sounds/Chevy.xml"/>		
		
        <size width="2.5" length="5"/>
		
		
		
        <components count="1">
            <component centerOfMass="0 0.4 -0.1" solverIterationCount="10" mass="1800" />
        </components>
        <schemaOverlay attacherJointPosition="0 0">
            <default name="DEFAULT_VEHICLE"/>
            <selected name="DEFAULT_VEHICLE_SELECTED"/>
        </schemaOverlay>
    </base>

	
	<!-- I will be releasing an updated template on how to do wheels, please look for it soon -->
	
    <wheels>
        <wheelConfigurations>
             <wheelConfiguration name="Green" price="0">
                <wheels autoRotateBackSpeed="2.5">
                    <wheel hasParticles="true" hasTireTracks="true">
                        <physics tipOcclusionAreaGroupId="1" rotSpeed="1" restLoad="0.6" repr="wheelFrontLeft"  radius="0.393" width="0.27" forcePointRatio="0.5" initialCompression="25" suspTravel="0.09" spring="20" damper="3" frictionScale="2.5" />
                        <tire tireTrackAtlasIndex="1" />
                    </wheel>
                    <wheel hasParticles="true" hasTireTracks="true">
                        <physics tipOcclusionAreaGroupId="1" rotSpeed="1" restLoad="0.6" repr="wheelFrontRight" radius="0.393" width="0.27" forcePointRatio="0.5" initialCompression="25" suspTravel="0.09" spring="20" damper="3" frictionScale="2.5" />
                        <tire tireTrackAtlasIndex="1" />
                    </wheel>
                    <wheel hasParticles="true" hasTireTracks="true">
                        <physics tipOcclusionAreaGroupId="1" rotSpeed="0" restLoad="0.6" repr="wheelBackLeft"   radius="0.393" width="0.27" forcePointRatio="0.5" initialCompression="25" suspTravel="0.18" spring="10" damper="3" frictionScale="3" />
                        <tire tireTrackAtlasIndex="1" />
                    </wheel>
                    <wheel hasParticles="true" hasTireTracks="true" >
                        <physics tipOcclusionAreaGroupId="1" rotSpeed="0" restLoad="0.6" repr="wheelBackRight"  radius="0.393" width="0.27" forcePointRatio="0.5" initialCompression="25" suspTravel="0.18" spring="10" damper="3" frictionScale="3" />
                        <tire tireTrackAtlasIndex="1" />
                    </wheel>
                </wheels>
                <objectChange node="0>0|0|0|0" visibilityActive="true" visibilityInactive="false"/>
                <objectChange node="0>0|0|1|0" visibilityActive="true" visibilityInactive="false"/>
                <objectChange node="0>0|0|2|0" visibilityActive="true" visibilityInactive="false"/>
                <objectChange node="0>0|0|3|0" visibilityActive="true" visibilityInactive="false"/>					
            </wheelConfiguration>
             <wheelConfiguration name="Orange" price="0">
                <wheels autoRotateBackSpeed="2.5">
                    <wheel hasParticles="true" hasTireTracks="true">
                        <physics tipOcclusionAreaGroupId="1" rotSpeed="1" restLoad="0.6" repr="wheelFrontLeft"  radius="0.393" width="0.27" forcePointRatio="0.5" initialCompression="25" suspTravel="0.09" spring="20" damper="3" frictionScale="2.5" />
                        <tire tireTrackAtlasIndex="1" />
                    </wheel>
                    <wheel hasParticles="true" hasTireTracks="true">
                        <physics tipOcclusionAreaGroupId="1" rotSpeed="1" restLoad="0.6" repr="wheelFrontRight" radius="0.393" width="0.27" forcePointRatio="0.5" initialCompression="25" suspTravel="0.09" spring="20" damper="3" frictionScale="2.5" />
                        <tire tireTrackAtlasIndex="1" />
                    </wheel>
                    <wheel hasParticles="true" hasTireTracks="true">
                        <physics tipOcclusionAreaGroupId="1" rotSpeed="0" restLoad="0.6" repr="wheelBackLeft"   radius="0.393" width="0.27" forcePointRatio="0.5" initialCompression="25" suspTravel="0.18" spring="10" damper="3" frictionScale="3" />
                        <tire tireTrackAtlasIndex="1" />
                    </wheel>
                    <wheel hasParticles="true" hasTireTracks="true" >
                        <physics tipOcclusionAreaGroupId="1" rotSpeed="0" restLoad="0.6" repr="wheelBackRight"  radius="0.393" width="0.27" forcePointRatio="0.5" initialCompression="25" suspTravel="0.18" spring="10" damper="3" frictionScale="3" />
                        <tire tireTrackAtlasIndex="1" />
                    </wheel>
                </wheels>
                <objectChange node="0>0|0|0|1" visibilityActive="true" visibilityInactive="false"/>
                <objectChange node="0>0|0|1|1" visibilityActive="true" visibilityInactive="false"/>
                <objectChange node="0>0|0|2|1" visibilityActive="true" visibilityInactive="false"/>
                <objectChange node="0>0|0|3|1" visibilityActive="true" visibilityInactive="false"/>					
            </wheelConfiguration>			
              <wheelConfiguration name="Fuel1" price="0">
                <wheels autoRotateBackSpeed="2.5">
                    <wheel hasParticles="true" hasTireTracks="true">
                        <physics tipOcclusionAreaGroupId="1" rotSpeed="1" restLoad="0.6" repr="wheelFrontLeft"  radius="0.393" width="0.27" forcePointRatio="0.5" initialCompression="25" suspTravel="0.09" spring="20" damper="3" frictionScale="2.5" />
                        <tire tireTrackAtlasIndex="1" />
                    </wheel>
                    <wheel hasParticles="true" hasTireTracks="true">
                        <physics tipOcclusionAreaGroupId="1" rotSpeed="1" restLoad="0.6" repr="wheelFrontRight" radius="0.393" width="0.27" forcePointRatio="0.5" initialCompression="25" suspTravel="0.09" spring="20" damper="3" frictionScale="2.5" />
                        <tire tireTrackAtlasIndex="1" />
                    </wheel>
                    <wheel hasParticles="true" hasTireTracks="true">
                        <physics tipOcclusionAreaGroupId="1" rotSpeed="0" restLoad="0.6" repr="wheelBackLeft"   radius="0.393" width="0.27" forcePointRatio="0.5" initialCompression="25" suspTravel="0.18" spring="10" damper="3" frictionScale="3" />
                        <tire tireTrackAtlasIndex="1" />
                    </wheel>
                    <wheel hasParticles="true" hasTireTracks="true" >
                        <physics tipOcclusionAreaGroupId="1" rotSpeed="0" restLoad="0.6" repr="wheelBackRight"  radius="0.393" width="0.27" forcePointRatio="0.5" initialCompression="25" suspTravel="0.18" spring="10" damper="3" frictionScale="3" />
                        <tire tireTrackAtlasIndex="1" />
                    </wheel>
                </wheels>
                <objectChange node="0>0|0|0|2" visibilityActive="true" visibilityInactive="false"/>
                <objectChange node="0>0|0|1|2" visibilityActive="true" visibilityInactive="false"/>
                <objectChange node="0>0|0|2|2" visibilityActive="true" visibilityInactive="false"/>
                <objectChange node="0>0|0|3|2" visibilityActive="true" visibilityInactive="false"/>					
            </wheelConfiguration>
             <wheelConfiguration name="Fuel2" price="0">
                <wheels autoRotateBackSpeed="2.5">
                    <wheel hasParticles="true" hasTireTracks="true">
                        <physics tipOcclusionAreaGroupId="1" rotSpeed="1" restLoad="0.6" repr="wheelFrontLeft"  radius="0.393" width="0.27" forcePointRatio="0.5" initialCompression="25" suspTravel="0.09" spring="20" damper="3" frictionScale="2.5" />
                        <tire tireTrackAtlasIndex="1" />
                    </wheel>
                    <wheel hasParticles="true" hasTireTracks="true">
                        <physics tipOcclusionAreaGroupId="1" rotSpeed="1" restLoad="0.6" repr="wheelFrontRight" radius="0.393" width="0.27" forcePointRatio="0.5" initialCompression="25" suspTravel="0.09" spring="20" damper="3" frictionScale="2.5" />
                        <tire tireTrackAtlasIndex="1" />
                    </wheel>
                    <wheel hasParticles="true" hasTireTracks="true">
                        <physics tipOcclusionAreaGroupId="1" rotSpeed="0" restLoad="0.6" repr="wheelBackLeft"   radius="0.393" width="0.27" forcePointRatio="0.5" initialCompression="25" suspTravel="0.18" spring="10" damper="3" frictionScale="3" />
                        <tire tireTrackAtlasIndex="1" />
                    </wheel>
                    <wheel hasParticles="true" hasTireTracks="true" >
                        <physics tipOcclusionAreaGroupId="1" rotSpeed="0" restLoad="0.6" repr="wheelBackRight"  radius="0.393" width="0.27" forcePointRatio="0.5" initialCompression="25" suspTravel="0.18" spring="10" damper="3" frictionScale="3" />
                        <tire tireTrackAtlasIndex="1" />
                    </wheel>
                </wheels>
                <objectChange node="0>0|0|0|3" visibilityActive="true" visibilityInactive="false"/>
                <objectChange node="0>0|0|1|3" visibilityActive="true" visibilityInactive="false"/>
                <objectChange node="0>0|0|2|3" visibilityActive="true" visibilityInactive="false"/>
                <objectChange node="0>0|0|3|3" visibilityActive="true" visibilityInactive="false"/>					
            </wheelConfiguration>  		
             <wheelConfiguration name="Fuel3" price="0">
                <wheels autoRotateBackSpeed="2.5">
                    <wheel hasParticles="true" hasTireTracks="true">
                        <physics tipOcclusionAreaGroupId="1" rotSpeed="1" restLoad="0.6" repr="wheelFrontLeft"  radius="0.393" width="0.27" forcePointRatio="0.5" initialCompression="25" suspTravel="0.09" spring="20" damper="3" frictionScale="2.5" />
                        <tire tireTrackAtlasIndex="1" />
                    </wheel>
                    <wheel hasParticles="true" hasTireTracks="true">
                        <physics tipOcclusionAreaGroupId="1" rotSpeed="1" restLoad="0.6" repr="wheelFrontRight" radius="0.393" width="0.27" forcePointRatio="0.5" initialCompression="25" suspTravel="0.09" spring="20" damper="3" frictionScale="2.5" />
                        <tire tireTrackAtlasIndex="1" />
                    </wheel>
                    <wheel hasParticles="true" hasTireTracks="true">
                        <physics tipOcclusionAreaGroupId="1" rotSpeed="0" restLoad="0.6" repr="wheelBackLeft"   radius="0.393" width="0.27" forcePointRatio="0.5" initialCompression="25" suspTravel="0.18" spring="10" damper="3" frictionScale="3" />
                        <tire tireTrackAtlasIndex="1" />
                    </wheel>
                    <wheel hasParticles="true" hasTireTracks="true" >
                        <physics tipOcclusionAreaGroupId="1" rotSpeed="0" restLoad="0.6" repr="wheelBackRight"  radius="0.393" width="0.27" forcePointRatio="0.5" initialCompression="25" suspTravel="0.18" spring="10" damper="3" frictionScale="3" />
                        <tire tireTrackAtlasIndex="1" />
                    </wheel>
                </wheels>
                <objectChange node="0>0|0|0|4" visibilityActive="true" visibilityInactive="false"/>
                <objectChange node="0>0|0|1|4" visibilityActive="true" visibilityInactive="false"/>
                <objectChange node="0>0|0|2|4" visibilityActive="true" visibilityInactive="false"/>
                <objectChange node="0>0|0|3|4" visibilityActive="true" visibilityInactive="false"/>					
            </wheelConfiguration>  			
			
			
        </wheelConfigurations>

        <ackermannSteeringConfigurations>
            <ackermannSteering rotSpeed="45" rotMax="42" rotCenterWheel1="3" rotCenterWheel2="4" />
        </ackermannSteeringConfigurations>
    </wheels>

	
<!-- The lights have been disabled by clicking the visiblity button inside the editor
A future template will come out to show you how to upgrade this template with different light choices-->
	
    <lights>
        <states>
            <state lightTypes="0" />
            <state lightTypes="0 1" />
        </states>

        <realLights>
            <low>

            </low>
            <high>
                <light node="highBeamHigh"      lightTypes="1"/>
                <light node="backLightsHigh1"   lightTypes="0 3"/>
                <brakeLight node="backLightsHigh1" />

            </high>
        </realLights>

        <defaultLights>
            <defaultLight shaderNode="0>0|14|0|0" lightTypes="1" />
            <defaultLight shaderNode="0>0|14|0|1" lightTypes="0" />
        </defaultLights>

        <brakeLights>
            <brakeLight shaderNode="0>0|14|0|1"  />
        </brakeLights>



        <sounds>
            <switchLight template="SWITCH_01"  />
            <turnLight template="SWITCH_TURNLIGHT"  />
        </sounds>
<!-- Hidden in editor, Place them when you choose-->
        <dashboards>
          	<!--  <dashboard displayType="EMITTER" valueType="lightState" node="cabinDecalsLight" intensity="0.2" lightTypes="0" groups="MOTOR_ACTIVE"/>-->
        </dashboards>
    </lights>

    <enterable isTabbable="true" >
        
		
		<!-- must match in i3d-->
		<enterReferenceNode node="main_component1"/>
       



	   <exitPoint node="exitPoint"/>

        <cameras count="2">
            <camera node="outdoorCamera1" rotatable="true" rotateNode="outdoorCameraTarget" limit="true" useWorldXZRotation="true" rotMinX="-1.4" rotMaxX="1" transMin="3.5" transMax="40" translation="0 0 5.75" rotation="-10 180 0">
                <raycastNode node="cameraRaycastNode1"/>
                <raycastNode node="cameraRaycastNode2"/>
            </camera>
            <camera node="indoorCamera1" rotatable="true" limit="true" rotMinX="-1.1" rotMaxX="0.4" transMin="0" transMax="0" useMirror="true" isInside="true" positionSmoothingParameter="0"  shadowFocusBox="shadowFocusBox"/>
        </cameras>

        <mirrors>
            <mirror node="mirror01" prio="1" />
            <mirror node="mirror02" prio="1" />
            <mirror node="mirror03" prio="1" />
        </mirrors>

        <characterNode node="player_skin" cameraMinDistance="1.5" spineRotation="-90 0 90" >
            <target ikChain="rightFoot" targetNode="player_rightFoot" />
            <target ikChain="leftFoot"  targetNode="player_leftFoot" />
            <target ikChain="rightArm"  targetNode="rightArm" poseId="wideFingers"/>
            <target ikChain="leftArm"   targetNode="leftArm" poseId="wideFingers"/>
        </characterNode>

        <characterTargetNodeModifier node="player_rightFoot" transitionTime="0.1" >
            <state node="player_rightFootGas"   referenceNode="gasPedal"/>
            <state node="player_rightFootBrake" referenceNode="brakePedal"/>
        </characterTargetNodeModifier>
    </enterable>

    <attacherJoints>
        <attacherJoint node="trailerAttacherJointBack" jointType="trailer" lowerRotLimit="10 70 50" upperRotationOffset="0" allowsJointLimitMovement="false" canTurnOnImplement="false" comboTime="1">
            <schema position="1 0" rotation="0" invertX="false"/>
            <attachSound template="ATTACH_01" linkNode="0>" />
        </attacherJoint>
        <attacherJoint node="trailerAttacherJointBack" jointType="trailerLow" lowerRotLimit="10 70 50" upperRotationOffset="0" allowsJointLimitMovement="false" canTurnOnImplement="false" comboTime="1">
            <schema position="1 0" rotation="0" invertX="false"/>
            <attachSound template="ATTACH_01" linkNode="0>" />
        </attacherJoint>
    </attacherJoints>



    <drivable>
        <sounds>
            <waterSplash template="WATER_SPLASH_01" />
        </sounds>
        <steeringWheel node="steeringWheel" indoorRotation="30" outdoorRotation="30" />


    </drivable>

    <fillUnit>
        <fillUnitConfigurations>
            <fillUnitConfiguration>
                <fillUnits>
                    <fillUnit unit="$l10n_unit_literShort" showOnHud="false" showInShop="false" fillTypes="diesel" capacity="120" >
                        <dashboard displayType="ANIMATION" valueType="fillLevel" animName="loadingBarFuel" minValueAnim="0" maxValueAnim="35" groups="MOTOR_ACTIVE"/>
                    </fillUnit>
                </fillUnits>
            </fillUnitConfiguration>
        </fillUnitConfigurations>
    </fillUnit>

    <motorized>
        <consumerConfigurations>
            <consumerConfiguration>
                <consumer fillUnitIndex="1" usage="20" fillType="diesel" /> <!-- usage is per hour at max load and max rpm -->
            </consumerConfiguration>
        </consumerConfigurations>

        <differentialConfigurations>
            <differentialConfiguration>
                <differentials>
                    <differential torqueRatio="0.5" maxSpeedRatio="1.8" wheelIndex1="1" wheelIndex2="2" /> <!-- front left-right -->
                    <differential torqueRatio="0.5" maxSpeedRatio="1.8" wheelIndex1="3" wheelIndex2="4" /> <!-- back left-right -->
                    <differential torqueRatio="0.5" maxSpeedRatio="1.8" differentialIndex1="1" differentialIndex2="2" /> <!-- front-back -->
                </differentials>
            </differentialConfiguration>
        </differentialConfigurations>

        <motorConfigurations>
            <motorConfiguration name="Stock" hp="160" price="0">
                <motor torqueScale="6.2" minRpm="1000" maxRpm="6000" maxForwardSpeed="120" maxBackwardSpeed="45" brakeForce="1.7" lowBrakeForceScale="0.2" rotInertia="0.0015">
                    <torque rpm="1000" torque="0.9"/>
                    <torque rpm="2400" torque="1"/>
                    <torque rpm="3480" torque="1"/>
                    <torque rpm="4560" torque="0.75"/>
                    <torque rpm="5280" torque="0.63"/>
                    <torque rpm="6000" torque="0.2"/>
                </motor>
                <transmission minForwardGearRatio="10" maxForwardGearRatio="200" minBackwardGearRatio="40" maxBackwardGearRatio="200" />
            </motorConfiguration>
			<motorConfiguration name="Chipped" hp="190" price="0">
                <motor torqueScale="9.2" minRpm="1200" maxRpm="6000" maxForwardSpeed="160" maxBackwardSpeed="45" brakeForce="1.7" lowBrakeForceScale="0.2" rotInertia="0.0015">
                    <torque rpm="1000" torque="0.9"/>
                    <torque rpm="2400" torque="1"/>
                    <torque rpm="3480" torque="1"/>
                    <torque rpm="4560" torque="0.75"/>
                    <torque rpm="5280" torque="0.63"/>
                    <torque rpm="6000" torque="0.2"/>
                </motor>
                <transmission minForwardGearRatio="10" maxForwardGearRatio="200" minBackwardGearRatio="40" maxBackwardGearRatio="200" />
            </motorConfiguration>
			<motorConfiguration name="Turbo" hp="320" price="0">
                <motor torqueScale="13.2" minRpm="1500" maxRpm="6000" maxForwardSpeed="190" maxBackwardSpeed="45" brakeForce="8" lowBrakeForceScale="0.22" rotInertia="0.0015">
                    <torque rpm="1000" torque="0.9"/>
                    <torque rpm="2400" torque="8"/>
                    <torque rpm="3480" torque="10"/>
                    <torque rpm="4560" torque="10"/>
                    <torque rpm="5280" torque="5"/>
                    <torque rpm="6000" torque="1.5"/>
                </motor>
                <transmission minForwardGearRatio="10" maxForwardGearRatio="20" minBackwardGearRatio="40" maxBackwardGearRatio="200" />
            </motorConfiguration>
        </motorConfigurations>

        <exhaustEffects>
            <exhaustEffect node="exhaustParticleLeft" filename="$data/effects/exhaust/exhaust.i3d" minRpmColor="0.9 0.9 0.9 0.1" maxRpmColor="0.9 0.9 0.9 0.4" minRpmScale="0.02" maxRpmScale="0.25" />
        </exhaustEffects>
        <dashboards>
          <!--  <dashboard displayType="ANIMATION" valueType="rpm"   animName="rpmDisplay"   minValueAnim="0" maxValueAnim="7000" groups="MOTOR_ACTIVE"/>
            <dashboard displayType="ANIMATION" valueType="speed" animName="speedDisplay" minValueAnim="0" maxValueAnim="140"  groups="MOTOR_ACTIVE"/>
            <dashboard displayType="ANIMATION" valueType="motorTemperature" animName="loadingBarTemperature" minValueAnim="0" maxValueAnim="120" groups="MOTOR_ACTIVE"/>-->
        </dashboards>


  


  </motorized>

    <animations>
        <animation name="backDoor">
		

                 <part node="backDoor" startTime="0.2" endTime="1" startRot="0 0 0" endRot="-100 0 0"/>
        </animation>
    <!--    <animation name="rpmDisplay">
            <part node="rpm_indicator" startTime="0" endTime="1" startRot="0 0 10" endRot="0 0 -215" />
        </animation>
        <animation name="speedDisplay">
            <part node="speed_indicator" startTime="0" endTime="1" startRot="0 0 0" endRot="0 0 -215"/>
        </animation>
        <animation name="loadingBarTemperature">
            <part node="temp_indicator" startTime="0" endTime="1" startRot="0 0 0" endRot="0 0 -73"/>
        </animation>
        <animation name="loadingBarFuel">
            <part node="fuel_indicator" startTime="0" endTime="1" startRot="0 0 0" endRot="0 0 -73"/>
        </animation>-->
    </animations>

    <suspensions>
        <suspension useCharacterTorso="true" weight="90" minRotation="0 -5 -5" maxRotation="0 5 5" suspensionParametersY="7 1" suspensionParametersZ="7 1" />
    </suspensions>



    <dashboard>
        <groups>
            <group name="MOTOR_STARTING" isMotorStarting="true"/>
            <group name="MOTOR_ACTIVE"   isMotorStarting="true" isMotorRunning="true"/>
        </groups>
    </dashboard>

    <ai>
        <collisionTrigger node="aiCollisionTrigger" />
    </ai>



	<designConfigurations>	
        <designConfiguration name="Blue" price="300">
            <objectChange node="0>0|14|4" visibilityActive="true"/>		
        </designConfiguration>	
        <designConfiguration name="Green" price="300">
            <objectChange node="0>0|14|2" visibilityActive="true"/>			
        </designConfiguration>			
    </designConfigurations>		
	


    <foliageBending>
        <bendingNode minX="-1.15" maxX="1.15" minZ="-2.8" maxZ="2.8" yOffset="0" />
    </foliageBending>

    

    <wearable wearDuration="480" workMultiplier="5" fieldMultiplier="2"/>
    <washable dirtDuration="90" washDuration="1" workMultiplier="3" fieldMultiplier="2"/>

	
	<!-- good practice to make these in order with the Game editor senograph to prevent confussion for the game engine-->
    <i3dMappings>
        <i3dMapping id="main_component1" node="0>" />

        <i3dMapping id="wheelFrontLeft" node="0>0|0|0" />
        <i3dMapping id="wheelBackLeft" node="0>0|0|1" />
        <i3dMapping id="wheelFrontRight" node="0>0|0|2" />
        <i3dMapping id="wheelBackRight" node="0>0|0|3" />
        <i3dMapping id="frontLightHigh" node="0>0|1|0" />
        <i3dMapping id="highBeamHigh" node="0>0|1|1" />
        <i3dMapping id="turnLightRightBack" node="0>0|1|2" />
        <i3dMapping id="turnLightRightFront" node="0>0|1|3" />
        <i3dMapping id="turnLightLeftBack" node="0>0|1|4" />
        <i3dMapping id="turnLightLeftFront" node="0>0|1|5" />
        <i3dMapping id="backLightsHigh1" node="0>0|1|6" />
        <i3dMapping id="frontLightLow" node="0>0|1|7" />
        <i3dMapping id="frontLight" node="0>0|1|8|0" />
        <i3dMapping id="turnlightRight" node="0>0|1|8|1" />
        <i3dMapping id="turnlightLeft" node="0>0|1|8|2" />
        <i3dMapping id="backLight" node="0>0|1|8|3" />
        <i3dMapping id="outdoorCameraTarget" node="0>0|2|0" />
        <i3dMapping id="outdoorCamera1" node="0>0|2|0|0" />
        <i3dMapping id="indoorCamera1" node="0>0|2|1" />
        <i3dMapping id="cameraRaycastNode1" node="0>0|2|2" />
        <i3dMapping id="cameraRaycastNode2" node="0>0|2|3" />
        <i3dMapping id="cameraRaycastNode3" node="0>0|2|4" />
        <i3dMapping id="shadowFocusBox" node="0>0|2|5" />
        <i3dMapping id="steeringWheel" node="0>0|3|0" />
        <i3dMapping id="leftArm" node="0>0|3|0|0" />
        <i3dMapping id="rightArm" node="0>0|3|0|1" />
        <i3dMapping id="player_skin" node="0>0|4|0" />
        <i3dMapping id="player_rightFoot" node="0>0|4|1" />
        <i3dMapping id="player_leftFoot" node="0>0|4|2" />
        <i3dMapping id="exitPoint" node="0>0|5" />
        <i3dMapping id="mirror01" node="0>0|6|0" />
        <i3dMapping id="mirror02" node="0>0|6|1" />
        <i3dMapping id="mirror03" node="0>0|6|2" />
        <i3dMapping id="tensionBelts" node="0>0|7" />
        <i3dMapping id="tensionBeltStart1" node="0>0|7|0" />
        <i3dMapping id="tensionBeltEnd1" node="0>0|7|0|0" />
        <i3dMapping id="tensionBeltStart2" node="0>0|7|1" />
        <i3dMapping id="tensionBeltEnd2" node="0>0|7|1|0" />
        <i3dMapping id="tensionBeltStart3" node="0>0|7|2" />
        <i3dMapping id="tensionBeltEnd3" node="0>0|7|2|0" />
        <i3dMapping id="tensionBeltStart4" node="0>0|7|3" />
        <i3dMapping id="tensionBeltEnd4" node="0>0|7|3|0" />
        <i3dMapping id="beltActivationTrigger" node="0>0|7|4" />
        <i3dMapping id="exhaustParticleLeft" node="0>0|8" />
        <i3dMapping id="trailerAttacherJointBack" node="0>0|9" />
        <i3dMapping id="electricBack" node="0>0|10" />
        <i3dMapping id="cabinDecalsLight" node="0>0|11|0" />
        <i3dMapping id="rpm_indicator" node="0>0|11|1|0" />
        <i3dMapping id="fuel_indicator" node="0>0|11|2|0" />
        <i3dMapping id="temp_indicator" node="0>0|11|3|0" />
        <i3dMapping id="speed_indicator" node="0>0|11|4|0" />
        <i3dMapping id="gasPedal" node="0>0|11|5" />
        <i3dMapping id="player_rightFootGas" node="0>0|11|5|0" />
        <i3dMapping id="brakePedal" node="0>0|11|6" />
        <i3dMapping id="player_rightFootBrake" node="0>0|11|6|0" />
        <i3dMapping id="backDoor" node="0>0|12|0" />

        <i3dMapping id="aiCollisionTrigger" node="0>0|13" />
    </i3dMappings>
</vehicle>
