﻿<?xml version="1.0" encoding="utf-8" standalone="no" ?>
<modDesc descVersion="62">
    <author>Joshs' @ SHENANIGANS</author>


    <version>1.0.0.0</version>
    <title>
        <en>2021 Ranger Highlifter</en>
    </title>
    <description>
        <en>
            <![CDATA[ Your Mod Name   ]]>
        </en>
        <de>
            <![CDATA[ Your Mod Name  ]]>
        </de>
    </description>
	
	
    <iconFilename>store.dds</iconFilename>
    <multiplayer supported="true" />

    <storeItems>
        <storeItem xmlFilename="template.xml"/>
    </storeItems>
	<vehicleTypes>
		<type name="highLifter" parent="carFillable" className="Vehicle" filename="$dataS/scripts/vehicles/Vehicle.lua">
				
		</type>
    </vehicleTypes>
	<brands>
		<brand name="Polaris" title="Polaris" image="brand_Polaris.dds" />
	</brands>		
	<newcategory name="SHENANIGANS" title="SHENANIGANS_MODS" type="Vehicle" img="category_Shenanigans.dds" />
	
	<changeModTitle modTitle="SHENANIGANS"/>
	
    <extraSourceFiles>
		<sourceFile filename="scripts/categorizer.lua" />
		<sourceFile filename="scripts/ChangeModTitle.lua" />
	</extraSourceFiles>	
</modDesc>
