﻿<?xml version="1.0" encoding="utf-8" standalone="no" ?>
<vehicle type="highLifter">
    <annotation>Copyright (C) GIANTS Software GmbH, All Rights Reserved.</annotation>


    <storeData>
        <name>2021 Ranger Highlifter</name>
        <specs>
            <power>250</power>
            <maxSpeed>120</maxSpeed>
        </specs>
        <functions>
            <function>$l10n_function_car</function>


        </functions>
        <image>store.dds</image>
        <price>23000</price>
        <lifetime>600</lifetime>
        <rotation>0</rotation>
        <brand>Polaris</brand>
        <category>SHENANIGANS</category>
        <vertexBufferMemoryUsage>1484212</vertexBufferMemoryUsage>
        <indexBufferMemoryUsage>360324</indexBufferMemoryUsage>
        <textureMemoryUsage>14330864</textureMemoryUsage>
        <instanceVertexBufferMemoryUsage>0</instanceVertexBufferMemoryUsage>
        <instanceIndexBufferMemoryUsage>0</instanceIndexBufferMemoryUsage>
    </storeData>

    <base>
        <typeDesc>$l10n_typeDesc_car</typeDesc>
		
		<!-- make sure to match this i3d to your renamed i3d -->
        <filename>template.i3d</filename>
		<sounds filename="sounds/Chevy.xml"/>			
		
        <size width="2.5" length="5"/>
		
		
		
        <components count="1">
            <component centerOfMass="0 0.4 -0.1" solverIterationCount="10" mass="1800" />
        </components>
        <schemaOverlay attacherJointPosition="0 0">
            <default name="DEFAULT_VEHICLE"/>
            <selected name="DEFAULT_VEHICLE_SELECTED"/>
        </schemaOverlay>
    </base>

	
	<!-- I will be releasing an updated template on how to do wheels, please look for it soon -->
	
    <wheels>
        <wheelConfigurations>
             <wheelConfiguration name="Stock" price="0">
                <wheels autoRotateBackSpeed="2.5">
                    <wheel hasParticles="true" hasTireTracks="true">
                        <physics tipOcclusionAreaGroupId="1" rotSpeed="1" restLoad="0.6" repr="wheelFrontLeft" driveNode="0>0|0|0|0|1" radius="0.42" width="0.27" forcePointRatio="0.5" initialCompression="25" suspTravel="0.09" spring="20" damper="3" frictionScale="2.5" />
                        <tire tireTrackAtlasIndex="1" />
                    </wheel>
                    <wheel hasParticles="true" hasTireTracks="true">
                        <physics tipOcclusionAreaGroupId="1" rotSpeed="1" restLoad="0.6" repr="wheelFrontRight" driveNode="0>0|0|2|0|1" radius="0.42" width="0.27" forcePointRatio="0.5" initialCompression="25" suspTravel="0.09" spring="20" damper="3" frictionScale="2.5" />
                        <tire tireTrackAtlasIndex="1" />
                    </wheel>
                    <wheel hasParticles="true" hasTireTracks="true">
                        <physics tipOcclusionAreaGroupId="1" rotSpeed="0" restLoad="0.6" repr="wheelBackLeft" driveNode="0>0|0|1|0|1"  radius="0.42" width="0.27" forcePointRatio="0.5" initialCompression="25" suspTravel="0.18" spring="10" damper="3" frictionScale="3" />
                        <tire tireTrackAtlasIndex="1" />
                    </wheel>
                    <wheel hasParticles="true" hasTireTracks="true" >
                        <physics tipOcclusionAreaGroupId="1" rotSpeed="0" restLoad="0.6" repr="wheelBackRight" driveNode="0>0|0|3|0|1" radius="0.42" width="0.27" forcePointRatio="0.5" initialCompression="25" suspTravel="0.18" spring="10" damper="3" frictionScale="3" />
                        <tire tireTrackAtlasIndex="1" />
                    </wheel>
                </wheels>
                <objectChange node="0>0|0|0|0|1|0" visibilityActive="true" visibilityInactive="false"/>	
                <objectChange node="0>0|0|1|0|1|0" visibilityActive="true" visibilityInactive="false"/>	
                <objectChange node="0>0|0|2|0|1|0" visibilityActive="true" visibilityInactive="false"/>	
                <objectChange node="0>0|0|3|0|1|0" visibilityActive="true" visibilityInactive="false"/>					
            </wheelConfiguration>
             <wheelConfiguration name="Fuel" price="0">
                <wheels autoRotateBackSpeed="2.5">
                    <wheel hasParticles="true" hasTireTracks="true">
                        <physics tipOcclusionAreaGroupId="1" rotSpeed="1" restLoad="0.6" repr="wheelFrontLeft" driveNode="0>0|0|0|0|1" radius="0.42" width="0.27" forcePointRatio="0.5" initialCompression="25" suspTravel="0.09" spring="20" damper="3" frictionScale="2.5" />
                        <tire tireTrackAtlasIndex="1" />
                    </wheel>
                    <wheel hasParticles="true" hasTireTracks="true">
                        <physics tipOcclusionAreaGroupId="1" rotSpeed="1" restLoad="0.6" repr="wheelFrontRight" driveNode="0>0|0|2|0|1" radius="0.42" width="0.27" forcePointRatio="0.5" initialCompression="25" suspTravel="0.09" spring="20" damper="3" frictionScale="2.5" />
                        <tire tireTrackAtlasIndex="1" />
                    </wheel>
                    <wheel hasParticles="true" hasTireTracks="true">
                        <physics tipOcclusionAreaGroupId="1" rotSpeed="0" restLoad="0.6" repr="wheelBackLeft" driveNode="0>0|0|1|0|1"  radius="0.42" width="0.27" forcePointRatio="0.5" initialCompression="25" suspTravel="0.18" spring="10" damper="3" frictionScale="3" />
                        <tire tireTrackAtlasIndex="1" />
                    </wheel>
                    <wheel hasParticles="true" hasTireTracks="true" >
                        <physics tipOcclusionAreaGroupId="1" rotSpeed="0" restLoad="0.6" repr="wheelBackRight" driveNode="0>0|0|3|0|1" radius="0.42" width="0.27" forcePointRatio="0.5" initialCompression="25" suspTravel="0.18" spring="10" damper="3" frictionScale="3" />
                        <tire tireTrackAtlasIndex="1" />
                    </wheel>
                </wheels>
                <objectChange node="0>0|0|0|0|1|1"visibilityActive="true" visibilityInactive="false"/>	
                <objectChange node="0>0|0|1|0|1|1" visibilityActive="true" visibilityInactive="false"/>	
                <objectChange node="0>0|0|2|0|1|1" visibilityActive="true" visibilityInactive="false"/>	
                <objectChange node="0>0|0|3|0|1|1" visibilityActive="true" visibilityInactive="false"/>					
            </wheelConfiguration>			
              <wheelConfiguration name="Fuel1" price="0">
                <wheels autoRotateBackSpeed="2.5">
                    <wheel hasParticles="true" hasTireTracks="true">
                        <physics tipOcclusionAreaGroupId="1" rotSpeed="1" restLoad="0.6" repr="wheelFrontLeft" driveNode="0>0|0|0|0|1" radius="0.47" width="0.27" forcePointRatio="0.5" initialCompression="25" suspTravel="0.09" spring="20" damper="3" frictionScale="2.5" />
                        <tire tireTrackAtlasIndex="1" />
                    </wheel>
                    <wheel hasParticles="true" hasTireTracks="true">
                        <physics tipOcclusionAreaGroupId="1" rotSpeed="1" restLoad="0.6" repr="wheelFrontRight" driveNode="0>0|0|2|0|1" radius="0.47" width="0.27" forcePointRatio="0.5" initialCompression="25" suspTravel="0.09" spring="20" damper="3" frictionScale="2.5" />
                        <tire tireTrackAtlasIndex="1" />
                    </wheel>
                    <wheel hasParticles="true" hasTireTracks="true">
                        <physics tipOcclusionAreaGroupId="1" rotSpeed="0" restLoad="0.6" repr="wheelBackLeft" driveNode="0>0|0|1|0|1"  radius="0.47" width="0.27" forcePointRatio="0.5" initialCompression="25" suspTravel="0.18" spring="10" damper="3" frictionScale="3" />
                        <tire tireTrackAtlasIndex="1" />
                    </wheel>
                    <wheel hasParticles="true" hasTireTracks="true" >
                        <physics tipOcclusionAreaGroupId="1" rotSpeed="0" restLoad="0.6" repr="wheelBackRight" driveNode="0>0|0|3|0|1" radius="0.47" width="0.27" forcePointRatio="0.5" initialCompression="25" suspTravel="0.18" spring="10" damper="3" frictionScale="3" />
                        <tire tireTrackAtlasIndex="1" />
                    </wheel>
                </wheels>
                <objectChange node="0>0|0|0|0|1|2"visibilityActive="true" visibilityInactive="false"/>	
                <objectChange node="0>0|0|1|0|1|2" visibilityActive="true" visibilityInactive="false"/>	
                <objectChange node="0>0|0|2|0|1|2" visibilityActive="true" visibilityInactive="false"/>	
                <objectChange node="0>0|0|3|0|1|2" visibilityActive="true" visibilityInactive="false"/>					
            </wheelConfiguration>	  		
              <wheelConfiguration name="Depressed" price="0">
                <wheels autoRotateBackSpeed="2.5">
                    <wheel hasParticles="true" hasTireTracks="true">
                        <physics tipOcclusionAreaGroupId="1" rotSpeed="1" restLoad="0.6" repr="wheelFrontLeft" driveNode="0>0|0|0|0|1" radius="0.45" width="0.27" forcePointRatio="0.5" initialCompression="25" suspTravel="0.09" spring="20" damper="3" frictionScale="2.5" />
                        <tire tireTrackAtlasIndex="1" />
                    </wheel>
                    <wheel hasParticles="true" hasTireTracks="true">
                        <physics tipOcclusionAreaGroupId="1" rotSpeed="1" restLoad="0.6" repr="wheelFrontRight" driveNode="0>0|0|2|0|1" radius="0.45" width="0.27" forcePointRatio="0.5" initialCompression="25" suspTravel="0.09" spring="20" damper="3" frictionScale="2.5" />
                        <tire tireTrackAtlasIndex="1" />
                    </wheel>
                    <wheel hasParticles="true" hasTireTracks="true">
                        <physics tipOcclusionAreaGroupId="1" rotSpeed="0" restLoad="0.6" repr="wheelBackLeft" driveNode="0>0|0|1|0|1"  radius="0.45" width="0.27" forcePointRatio="0.5" initialCompression="25" suspTravel="0.18" spring="10" damper="3" frictionScale="3" />
                        <tire tireTrackAtlasIndex="1" />
                    </wheel>
                    <wheel hasParticles="true" hasTireTracks="true" >
                        <physics tipOcclusionAreaGroupId="1" rotSpeed="0" restLoad="0.6" repr="wheelBackRight" driveNode="0>0|0|3|0|1" radius="0.45" width="0.27" forcePointRatio="0.5" initialCompression="25" suspTravel="0.18" spring="10" damper="3" frictionScale="3" />
                        <tire tireTrackAtlasIndex="1" />
                    </wheel>
                </wheels>
                <objectChange node="0>0|0|0|0|1|3"visibilityActive="true" visibilityInactive="false"/>	
                <objectChange node="0>0|0|1|0|1|3" visibilityActive="true" visibilityInactive="false"/>	
                <objectChange node="0>0|0|2|0|1|3" visibilityActive="true" visibilityInactive="false"/>	
                <objectChange node="0>0|0|3|0|1|3" visibilityActive="true" visibilityInactive="false"/>					
            </wheelConfiguration>			
			
			
        </wheelConfigurations>

        <ackermannSteeringConfigurations>
            <ackermannSteering rotSpeed="45" rotMax="42" rotCenterWheel1="3" rotCenterWheel2="4" />
        </ackermannSteeringConfigurations>
    </wheels>

	
<!-- The lights have been disabled by clicking the visiblity button inside the editor
A future template will come out to show you how to upgrade this template with different light choices-->
	
    <lights>
        <states>
            <state lightTypes="0" />
            <state lightTypes="0 1" />
            <state lightTypes="0 1 2" />			
        </states>

        <realLights>
            <low>
                <light node="frontLightLow"     lightTypes="1"/>
            </low>
            <high>
                <light node="frontLightHigh"    lightTypes="1"/>
                <light node="highBeamHigh"      lightTypes="1"/>
                <light node="0>0|14|10|4"      lightTypes="2"/>				
                <light node="backLightsHigh1"   lightTypes="0 3"/>
                <brakeLight node="backLightsHigh1" />
                <turnLightLeft node="turnLightLeftBack" />
                <turnLightRight node="turnLightRightBack" />
            </high>
        </realLights>

        <defaultLights>
            <defaultLight shaderNode="0>0|14|4|1" lightTypes="0" />
            <defaultLight shaderNode="0>0|14|0|2|3" lightTypes="0" />	
            <defaultLight shaderNode="0>0|14|0|5|0" lightTypes="0" />
            <defaultLight shaderNode="0>0|14|0|5|1" lightTypes="0" />	
            <defaultLight shaderNode="0>0|14|0|5|0|0|0" lightTypes="0" />
            <defaultLight shaderNode="0>0|14|0|5|0|0|0|0|0" lightTypes="0" />		
            <defaultLight shaderNode="0>0|14|0|5|0|0|0|0|0|0|0" lightTypes="0" />	
            <defaultLight shaderNode="0>0|14|0|5|1|0|0" lightTypes="0" />
            <defaultLight shaderNode="0>0|14|0|5|1|0|0|0|0" lightTypes="0" />		
            <defaultLight shaderNode="0>0|14|0|5|1|0|0|0|0|0|0" lightTypes="0" />		
            <defaultLight shaderNode="0>0|14|0|6|0" lightTypes="0" />
            <defaultLight shaderNode="0>0|14|0|6|1" lightTypes="0" />	
            <defaultLight shaderNode="0>0|14|0|6|0|0|0" lightTypes="0" />
            <defaultLight shaderNode="0>0|14|0|6|0|0|0|0|0" lightTypes="0" />		
            <defaultLight shaderNode="0>0|14|0|6|0|0|0|0|0|0|0" lightTypes="0" />	
            <defaultLight shaderNode="0>0|14|0|6|1|0|0" lightTypes="0" />
            <defaultLight shaderNode="0>0|14|0|6|1|0|0|0|0" lightTypes="0" />		
            <defaultLight shaderNode="0>0|14|0|6|1|0|0|0|0|0|0" lightTypes="0" />	
            <defaultLight shaderNode="0>0|14|0|7|0" lightTypes="0" />
            <defaultLight shaderNode="0>0|14|0|7|1" lightTypes="0" />	
            <defaultLight shaderNode="0>0|14|0|7|0|0|0" lightTypes="0" />
            <defaultLight shaderNode="0>0|14|0|7|0|0|0|0|0" lightTypes="0" />		
            <defaultLight shaderNode="0>0|14|0|7|0|0|0|0|0|0|0" lightTypes="0" />	
            <defaultLight shaderNode="0>0|14|0|7|1|0|0" lightTypes="0" />
            <defaultLight shaderNode="0>0|14|0|7|1|0|0|0|0" lightTypes="0" />		
            <defaultLight shaderNode="0>0|14|0|7|1|0|0|0|0|0|0" lightTypes="0" />				
            <defaultLight shaderNode="0>0|14|4|0" lightTypes="1" />
            <defaultLight shaderNode="0>0|14|10|3" lightTypes="2" />			
        </defaultLights>

        <brakeLights>
            <brakeLight shaderNode="0>0|14|0|2|1"  />
        </brakeLights>

        <turnLights>
            <turnLightLeft shaderNode="0>0|14|0|2|2" />
            <turnLightRight shaderNode="0>0|14|0|2|0" />
        </turnLights>

        <sounds>
            <switchLight template="SWITCH_01"  />
            <turnLight template="SWITCH_TURNLIGHT"  />
        </sounds>
<!-- Hidden in editor, Place them when you choose-->
        <dashboards>
         <!--   <dashboard displayType="EMITTER" valueType="lightState" node="cabinDecalsLight" intensity="0.2" lightTypes="0" groups="MOTOR_ACTIVE"/>-->
        </dashboards>
    </lights>

    <enterable isTabbable="true" >
        
		
		<!-- must match in i3d-->
		<enterReferenceNode node="main_component1"/>
       



	   <exitPoint node="exitPoint"/>

        <cameras count="2">
            <camera node="outdoorCamera1" rotatable="true" rotateNode="outdoorCameraTarget" limit="true" useWorldXZRotation="true" rotMinX="-1.4" rotMaxX="1" transMin="3.5" transMax="40" translation="0 0 5.75" rotation="-10 180 0">
                <raycastNode node="cameraRaycastNode1"/>
                <raycastNode node="cameraRaycastNode2"/>
            </camera>
            <camera node="indoorCamera1" rotatable="true" limit="true" rotMinX="-1.1" rotMaxX="0.4" transMin="0" transMax="0" useMirror="true" isInside="true" positionSmoothingParameter="0"  shadowFocusBox="shadowFocusBox"/>
        </cameras>

        <mirrors>
             <!--    <mirror node="mirror01" prio="1" />
            <mirror node="mirror02" prio="1" />
            <mirror node="mirror03" prio="1" />-->
        </mirrors>

        <characterNode node="player_skin" cameraMinDistance="1.5" spineRotation="-90 0 90" >
            <target ikChain="rightFoot" targetNode="player_rightFoot" />
            <target ikChain="leftFoot"  targetNode="player_leftFoot" />
            <target ikChain="rightArm"  targetNode="rightArm" poseId="wideFingers"/>
            <target ikChain="leftArm"   targetNode="leftArm" poseId="wideFingers"/>
        </characterNode>

        <characterTargetNodeModifier node="player_rightFoot" transitionTime="0.1" >
            <state node="player_rightFootGas"   referenceNode="gasPedal"/>
            <state node="player_rightFootBrake" referenceNode="brakePedal"/>
        </characterTargetNodeModifier>
    </enterable>

    <attacherJoints>
        <attacherJoint node="trailerAttacherJointBack" jointType="trailer" lowerRotLimit="10 70 50" upperRotationOffset="0" allowsJointLimitMovement="false" canTurnOnImplement="false" comboTime="1">
            <schema position="1 0" rotation="0" invertX="false"/>
            <attachSound template="ATTACH_01" linkNode="0>" />
        </attacherJoint>
        <attacherJoint node="trailerAttacherJointBack" jointType="trailerLow" lowerRotLimit="10 70 50" upperRotationOffset="0" allowsJointLimitMovement="false" canTurnOnImplement="false" comboTime="1">
            <schema position="1 0" rotation="0" invertX="false"/>
            <attachSound template="ATTACH_01" linkNode="0>" />
        </attacherJoint>
    </attacherJoints>



    <drivable>
        <sounds>
            <waterSplash template="WATER_SPLASH_01" />
        </sounds>
        <steeringWheel node="steeringWheel" indoorRotation="540" outdoorRotation="60" />


    </drivable>

    <fillUnit>
        <fillUnitConfigurations title=" Led Whips">
            <fillUnitConfiguration name="None">
                <fillUnits>
                    <fillUnit unit="$l10n_unit_literShort" showOnHud="false" showInShop="false" fillTypes="diesel" capacity="120">
                        <dashboard displayType="ANIMATION" valueType="fillLevel" animName="loadingBarFuel" minValueAnim="0" maxValueAnim="35" groups="MOTOR_ACTIVE"/>
                    </fillUnit>
                </fillUnits>
            </fillUnitConfiguration>
            <fillUnitConfiguration name="Blue Whips">
                <fillUnits>
                    <fillUnit unit="$l10n_unit_literShort" showOnHud="false" showInShop="false" fillTypes="diesel" capacity="120">
                        <dashboard displayType="ANIMATION" valueType="fillLevel" animName="loadingBarFuel" minValueAnim="0" maxValueAnim="35" groups="MOTOR_ACTIVE"/>
                    </fillUnit>
                </fillUnits>
				<objectChange node="0>0|14|0|5" visibilityActive="true" visibilityInactive="false"/>				
            </fillUnitConfiguration>
            <fillUnitConfiguration name="Red Whips">
                <fillUnits>
                    <fillUnit unit="$l10n_unit_literShort" showOnHud="false" showInShop="false" fillTypes="diesel" capacity="120">
                        <dashboard displayType="ANIMATION" valueType="fillLevel" animName="loadingBarFuel" minValueAnim="0" maxValueAnim="35" groups="MOTOR_ACTIVE"/>
                    </fillUnit>
                </fillUnits>
				<objectChange node="0>0|14|0|6" visibilityActive="true" visibilityInactive="false"/>				
            </fillUnitConfiguration>
            <fillUnitConfiguration name="Green Whips">
                <fillUnits>
                    <fillUnit unit="$l10n_unit_literShort" showOnHud="false" showInShop="false" fillTypes="diesel" capacity="120">
                        <dashboard displayType="ANIMATION" valueType="fillLevel" animName="loadingBarFuel" minValueAnim="0" maxValueAnim="35" groups="MOTOR_ACTIVE"/>
                    </fillUnit>
                </fillUnits>
				<objectChange node="0>0|14|0|7" visibilityActive="true" visibilityInactive="false"/>				
            </fillUnitConfiguration>			
        </fillUnitConfigurations>
    </fillUnit>

    <motorized>
        <consumerConfigurations>
            <consumerConfiguration>
                <consumer fillUnitIndex="1" usage="20" fillType="diesel" /> <!-- usage is per hour at max load and max rpm -->
            </consumerConfiguration>
        </consumerConfigurations>

        <differentialConfigurations>
            <differentialConfiguration>
                <differentials>
                    <differential torqueRatio="0.5" maxSpeedRatio="1.8" wheelIndex1="1" wheelIndex2="2" /> <!-- front left-right -->
                    <differential torqueRatio="0.5" maxSpeedRatio="1.8" wheelIndex1="3" wheelIndex2="4" /> <!-- back left-right -->
                    <differential torqueRatio="0.5" maxSpeedRatio="1.8" differentialIndex1="1" differentialIndex2="2" /> <!-- front-back -->
                </differentials>
            </differentialConfiguration>
        </differentialConfigurations>

        <motorConfigurations>
            <motorConfiguration name="Stock" hp="160" price="0">
                <motor torqueScale="6.2" minRpm="1000" maxRpm="6000" maxForwardSpeed="120" maxBackwardSpeed="45" brakeForce="1.7" lowBrakeForceScale="0.2" rotInertia="0.0015">
                    <torque rpm="1000" torque="0.9"/>
                    <torque rpm="2400" torque="1"/>
                    <torque rpm="3480" torque="1"/>
                    <torque rpm="4560" torque="0.75"/>
                    <torque rpm="5280" torque="0.63"/>
                    <torque rpm="6000" torque="0.2"/>
                </motor>
                <transmission minForwardGearRatio="10" maxForwardGearRatio="200" minBackwardGearRatio="40" maxBackwardGearRatio="200" />
            </motorConfiguration>
			<motorConfiguration name="Chipped" hp="190" price="0">
                <motor torqueScale="9.2" minRpm="1200" maxRpm="6000" maxForwardSpeed="160" maxBackwardSpeed="45" brakeForce="1.7" lowBrakeForceScale="0.2" rotInertia="0.0015">
                    <torque rpm="1000" torque="0.9"/>
                    <torque rpm="2400" torque="1"/>
                    <torque rpm="3480" torque="1"/>
                    <torque rpm="4560" torque="0.75"/>
                    <torque rpm="5280" torque="0.63"/>
                    <torque rpm="6000" torque="0.2"/>
                </motor>
                <transmission minForwardGearRatio="10" maxForwardGearRatio="200" minBackwardGearRatio="40" maxBackwardGearRatio="200" />
            </motorConfiguration>
			<motorConfiguration name="Turbo" hp="320" price="0">
                <motor torqueScale="13.2" minRpm="1500" maxRpm="6000" maxForwardSpeed="190" maxBackwardSpeed="45" brakeForce="8" lowBrakeForceScale="0.22" rotInertia="0.0015">
                    <torque rpm="1000" torque="0.9"/>
                    <torque rpm="2400" torque="10"/>
                    <torque rpm="3480" torque="10"/>
                    <torque rpm="4560" torque="13"/>
                    <torque rpm="5280" torque="8"/>
                    <torque rpm="6000" torque="0.2"/>
                </motor>
                <transmission minForwardGearRatio="10" maxForwardGearRatio="20" minBackwardGearRatio="40" maxBackwardGearRatio="200" />
            </motorConfiguration>
        </motorConfigurations>

        <exhaustEffects>
            <exhaustEffect node="exhaustParticleLeft" filename="$data/effects/exhaust/exhaust.i3d" minRpmColor="0.9 0.9 0.9 0.1" maxRpmColor="0.9 0.9 0.9 0.4" minRpmScale="0.02" maxRpmScale="0.25" />
            <exhaustEffect node="0>0|16" filename="$data/effects/exhaust/exhaust.i3d" minRpmColor="0.9 0.9 0.9 0.1" maxRpmColor="0.9 0.9 0.9 0.4" minRpmScale="0.02" maxRpmScale="0.25" />			
        </exhaustEffects>
        <dashboards>
         <!--   <dashboard displayType="ANIMATION" valueType="rpm"   animName="rpmDisplay"   minValueAnim="0" maxValueAnim="7000" groups="MOTOR_ACTIVE"/>
            <dashboard displayType="ANIMATION" valueType="speed" animName="speedDisplay" minValueAnim="0" maxValueAnim="140"  groups="MOTOR_ACTIVE"/>
            <dashboard displayType="ANIMATION" valueType="motorTemperature" animName="loadingBarTemperature" minValueAnim="0" maxValueAnim="120" groups="MOTOR_ACTIVE"/>-->
        </dashboards>


  


  </motorized>

    <animations>
        <animation name="backDoor">
		

                 <part node="backDoor" startTime="0.2" endTime="1" startRot="0 0 0" endRot="90 0 0"/>
        </animation>
         <!--     <animation name="rpmDisplay">
            <part node="rpm_indicator" startTime="0" endTime="1" startRot="0 0 10" endRot="0 0 -215" />
        </animation>
        <animation name="speedDisplay">
            <part node="speed_indicator" startTime="0" endTime="1" startRot="0 0 0" endRot="0 0 -215"/>
        </animation>
        <animation name="loadingBarTemperature">
            <part node="temp_indicator" startTime="0" endTime="1" startRot="0 0 0" endRot="0 0 -73"/>
        </animation>
        <animation name="loadingBarFuel">
            <part node="fuel_indicator" startTime="0" endTime="1" startRot="0 0 0" endRot="0 0 -73"/>
        </animation>-->
		
    </animations>

    <suspensions>
        <suspension useCharacterTorso="true" weight="90" minRotation="0 -5 -5" maxRotation="0 5 5" suspensionParametersY="7 1" suspensionParametersZ="7 1" />
		<suspension node="0>0|14|0|5|0" weight="250" minRotation="-18 0 -18" maxRotation="18 0 18" suspensionParametersX="20 4" suspensionParametersY="5 1" suspensionParametersZ="20 4" />
		<suspension node="0>0|14|0|5|0|0" weight="250" minRotation="-12 0 -12" maxRotation="12 0 12" suspensionParametersX="20 4" suspensionParametersY="5 1" suspensionParametersZ="20 4" />
		<suspension node="0>0|14|0|5|0|0|0" weight="250" minRotation="-12 0 -12" maxRotation="12 0 12" suspensionParametersX="20 4" suspensionParametersY="5 1" suspensionParametersZ="20 4" />
		<suspension node="0>0|14|0|5|0|0|0|0" weight="250" minRotation="-12 0 -12" maxRotation="12 0 12" suspensionParametersX="20 4" suspensionParametersY="5 1" suspensionParametersZ="20 4" />
		<suspension node="0>0|14|0|5|0|0|0|0|0" weight="250" minRotation="-12 0 -12" maxRotation="12 0 12" suspensionParametersX="20 4" suspensionParametersY="5 1" suspensionParametersZ="20 4" />
		<suspension node="0>0|14|0|5|0|0|0|0|0|0" weight="250" minRotation="-12 0 -12" maxRotation="12 0 12" suspensionParametersX="20 4" suspensionParametersY="5 1" suspensionParametersZ="20 4" />
		
		<suspension node="0>0|14|0|5|1" weight="250" minRotation="-18 0 -18" maxRotation="18 0 18" suspensionParametersX="20 4" suspensionParametersY="5 1" suspensionParametersZ="20 4" />
		<suspension node="0>0|14|0|5|1|0" weight="250" minRotation="-12 0 -12" maxRotation="12 0 12" suspensionParametersX="20 4" suspensionParametersY="5 1" suspensionParametersZ="20 4" />
		<suspension node="0>0|14|0|5|1|0|0" weight="250" minRotation="-12 0 -12" maxRotation="12 0 12" suspensionParametersX="20 4" suspensionParametersY="5 1" suspensionParametersZ="20 4" />
		<suspension node="0>0|14|0|5|1|0|0|0" weight="250" minRotation="-12 0 -12" maxRotation="12 0 12" suspensionParametersX="20 4" suspensionParametersY="5 1" suspensionParametersZ="20 4" />
		<suspension node="0>0|14|0|5|1|0|0|0|0" weight="250" minRotation="-12 0 -12" maxRotation="12 0 12" suspensionParametersX="20 4" suspensionParametersY="5 1" suspensionParametersZ="20 4" />
		<suspension node="0>0|14|0|5|1|0|0|0|0|0" weight="250" minRotation="-12 0 -12" maxRotation="12 0 12" suspensionParametersX="20 4" suspensionParametersY="5 1" suspensionParametersZ="20 4" />	

		<suspension node="0>0|14|0|6|0" weight="250" minRotation="-18 0 -18" maxRotation="18 0 18" suspensionParametersX="20 4" suspensionParametersY="5 1" suspensionParametersZ="20 4" />
		<suspension node="0>0|14|0|6|0|0" weight="250" minRotation="-12 0 -12" maxRotation="12 0 12" suspensionParametersX="20 4" suspensionParametersY="5 1" suspensionParametersZ="20 4" />
		<suspension node="0>0|14|0|6|0|0|0" weight="250" minRotation="-12 0 -12" maxRotation="12 0 12" suspensionParametersX="20 4" suspensionParametersY="5 1" suspensionParametersZ="20 4" />
		<suspension node="0>0|14|0|6|0|0|0|0" weight="250" minRotation="-12 0 -12" maxRotation="12 0 12" suspensionParametersX="20 4" suspensionParametersY="5 1" suspensionParametersZ="20 4" />
		<suspension node="0>0|14|0|6|0|0|0|0|0" weight="250" minRotation="-12 0 -12" maxRotation="12 0 12" suspensionParametersX="20 4" suspensionParametersY="5 1" suspensionParametersZ="20 4" />
		<suspension node="0>0|14|0|6|0|0|0|0|0|0" weight="250" minRotation="-12 0 -12" maxRotation="12 0 12" suspensionParametersX="20 4" suspensionParametersY="5 1" suspensionParametersZ="20 4" />
		
		<suspension node="0>0|14|0|6|1" weight="250" minRotation="-18 0 -18" maxRotation="18 0 18" suspensionParametersX="20 4" suspensionParametersY="5 1" suspensionParametersZ="20 4" />
		<suspension node="0>0|14|0|6|1|0" weight="250" minRotation="-12 0 -12" maxRotation="12 0 12" suspensionParametersX="20 4" suspensionParametersY="5 1" suspensionParametersZ="20 4" />
		<suspension node="0>0|14|0|6|1|0|0" weight="250" minRotation="-12 0 -12" maxRotation="12 0 12" suspensionParametersX="20 4" suspensionParametersY="5 1" suspensionParametersZ="20 4" />
		<suspension node="0>0|14|0|6|1|0|0|0" weight="250" minRotation="-12 0 -12" maxRotation="12 0 12" suspensionParametersX="20 4" suspensionParametersY="5 1" suspensionParametersZ="20 4" />
		<suspension node="0>0|14|0|6|1|0|0|0|0" weight="250" minRotation="-12 0 -12" maxRotation="12 0 12" suspensionParametersX="20 4" suspensionParametersY="5 1" suspensionParametersZ="20 4" />
		<suspension node="0>0|14|0|6|1|0|0|0|0|0" weight="250" minRotation="-12 0 -12" maxRotation="12 0 12" suspensionParametersX="20 4" suspensionParametersY="5 1" suspensionParametersZ="20 4" />

		<suspension node="0>0|14|0|7|0" weight="250" minRotation="-18 0 -18" maxRotation="18 0 18" suspensionParametersX="20 4" suspensionParametersY="5 1" suspensionParametersZ="20 4" />
		<suspension node="0>0|14|0|7|0|0" weight="250" minRotation="-12 0 -12" maxRotation="12 0 12" suspensionParametersX="20 4" suspensionParametersY="5 1" suspensionParametersZ="20 4" />
		<suspension node="0>0|14|0|7|0|0|0" weight="250" minRotation="-12 0 -12" maxRotation="12 0 12" suspensionParametersX="20 4" suspensionParametersY="5 1" suspensionParametersZ="20 4" />
		<suspension node="0>0|14|0|7|0|0|0|0" weight="250" minRotation="-12 0 -12" maxRotation="12 0 12" suspensionParametersX="20 4" suspensionParametersY="5 1" suspensionParametersZ="20 4" />
		<suspension node="0>0|14|0|7|0|0|0|0|0" weight="250" minRotation="-12 0 -12" maxRotation="12 0 12" suspensionParametersX="20 4" suspensionParametersY="5 1" suspensionParametersZ="20 4" />
		<suspension node="0>0|14|0|7|0|0|0|0|0|0" weight="250" minRotation="-12 0 -12" maxRotation="12 0 12" suspensionParametersX="20 4" suspensionParametersY="5 1" suspensionParametersZ="20 4" />
		
		<suspension node="0>0|14|0|7|1" weight="250" minRotation="-18 0 -18" maxRotation="18 0 18" suspensionParametersX="20 4" suspensionParametersY="5 1" suspensionParametersZ="20 4" />
		<suspension node="0>0|14|0|7|1|0" weight="250" minRotation="-12 0 -12" maxRotation="12 0 12" suspensionParametersX="20 4" suspensionParametersY="5 1" suspensionParametersZ="20 4" />
		<suspension node="0>0|14|0|7|1|0|0" weight="250" minRotation="-12 0 -12" maxRotation="12 0 12" suspensionParametersX="20 4" suspensionParametersY="5 1" suspensionParametersZ="20 4" />
		<suspension node="0>0|14|0|7|1|0|0|0" weight="250" minRotation="-12 0 -12" maxRotation="12 0 12" suspensionParametersX="20 4" suspensionParametersY="5 1" suspensionParametersZ="20 4" />
		<suspension node="0>0|14|0|7|1|0|0|0|0" weight="250" minRotation="-12 0 -12" maxRotation="12 0 12" suspensionParametersX="20 4" suspensionParametersY="5 1" suspensionParametersZ="20 4" />
		<suspension node="0>0|14|0|7|1|0|0|0|0|0" weight="250" minRotation="-12 0 -12" maxRotation="12 0 12" suspensionParametersX="20 4" suspensionParametersY="5 1" suspensionParametersZ="20 4" />		
    </suspensions>

    <foldable>
        <foldingConfigurations>
            <foldingConfiguration>
                <foldingParts requiresPower="false">
                    <foldingPart animationName="backDoor" speedScale="1.3"/>
                </foldingParts>
            </foldingConfiguration>
        </foldingConfigurations>
    </foldable>

    <cylindered>
        <movingTools>
            <movingTool node="backDoor" playSound="true"/>
			<movingTool node="0>0|14|0" isEasyControlTarget="false">
                <controls axis="AXIS_CRANE_ARM" invertAxis="true" mouseSpeedFactor="1" iconName="CRANE_ARM1_ROTATE_Y" />
                <rotation rotSpeed="60" rotAcceleration="180" rotMax="45" rotMin="0"  />
            </movingTool>	
			<movingTool node="0>0|14|8|3|0" isEasyControlTarget="false">
                <controls axis="AXIS_FRONTLOADER_ARM" invertAxis="false" mouseSpeedFactor="0.8" iconName="CRANE_ARM1_ROTATE_X" />
                <rotation rotSpeed="60" rotAcceleration="180" rotMax="0" rotMin="-75" startRot="0" />
            </movingTool>			
                <movingTool node="0>0|14|8|0">
                  <controls axis="AXIS_FRONTLOADER_TOOL3" invertAxis="false" mouseSpeedFactor="0.4"/>
                  <rotation rotSpeed="60" rotAcceleration="180" rotMax="0" rotMin="-75" rotationAxis="2" />
                </movingTool>	
			<movingTool node="0>0|14|8|1|0" isEasyControlTarget="false">
                <controls axis="AXIS_CRANE_ARM3" invertAxis="true" mouseSpeedFactor="1" iconName="CRANE_ARM1_ROTATE_Y" />
                <rotation rotSpeed="60" rotAcceleration="180" rotMax="75" rotMin="0"  />
            </movingTool>
                <movingTool node="0>0|14|8|2">
                  <controls axis="AXIS_FRONTLOADER_TOOL2" mouseSpeedFactor="0.4"/>
                  <rotation rotSpeed="60" rotAcceleration="180" rotMax="75" rotMin="0" rotationAxis="2" />
                </movingTool>	
                <movingTool node="0>0|14|9|2|0">
                  <controls axis="AXIS_FRONTLOADER_TOOL4" mouseSpeedFactor="0.4"/>
                  <rotation rotSpeed="60" rotAcceleration="180" rotMax="45" rotMin="0" rotationAxis="2" />
                </movingTool>				
        </movingTools>

        <sounds>
            <hydraulic template="PICKUP_TRUNK" linkNode="pickup1978_main_component1"/>
        </sounds>
    </cylindered>

    <dashboard>
        <groups>
            <group name="MOTOR_STARTING" isMotorStarting="true"/>
            <group name="MOTOR_ACTIVE"   isMotorStarting="true" isMotorRunning="true"/>
        </groups>
    </dashboard>

    <ai>
        <collisionTrigger node="aiCollisionTrigger" />
    </ai>


	
	
    <tensionBelts>
        <tensionBeltsConfigurations>
            <tensionBeltsConfiguration>
                <tensionBelts linkNode="tensionBelts" jointNode="0>" width="0.075" maxEdgeLength="0.1" geometryBias="0.01" ratchetPosition="0.2" defaultOffset="0.1" defaultOffsetSide="0.1" defaultHeight="4" activationTrigger="beltActivationTrigger">
                    <tensionBelt startNode="tensionBeltStart1" endNode="tensionBeltEnd1" offsetLeft="0.2" />
                    <tensionBelt startNode="tensionBeltStart2" endNode="tensionBeltEnd2" />
                    <tensionBelt startNode="tensionBeltStart3" endNode="tensionBeltEnd3" />
                    <tensionBelt startNode="tensionBeltStart4" endNode="tensionBeltEnd4" offsetRight="0.2" />
                </tensionBelts>
            </tensionBeltsConfiguration>
        </tensionBeltsConfigurations>
    </tensionBelts>

    <foliageBending>
        <bendingNode minX="-1.15" maxX="1.15" minZ="-2.8" maxZ="2.8" yOffset="0" />
    </foliageBending>

	<designConfigurations>
		<designConfiguration name="Stock">		
        </designConfiguration>
        <designConfiguration name="Light bar" price="300">
            <objectChange node="0>0|14|10" visibilityActive="true"/>
        </designConfiguration>		
    </designConfigurations>	

    <baseMaterial>
        <material name="body" baseNode="0>0|14|7|0">
            <shaderParameter name="colorMat0" value="SHARED_GREY2"/>
        </material>
		<material name="design" baseNode="0>0|14|5|0">
            <shaderParameter name="colorMat1" value="SHARED_GREY2"/>
        </material>
		<material name="design1" baseNode="0>0|14|10|1">
            <shaderParameter name="colorMat1" value="SHARED_GREY2"/>
        </material>
		
	</baseMaterial>
	
	
    <baseMaterialConfigurations price="1000" useDefaultColors="true" defaultColorIndex="0">
       <baseMaterialConfiguration name="New Silver" color="SHARED_GREY2" material="27"/>
        <baseMaterialConfiguration name="Scarlet Red"  color="CASEIH_RED1" material="27"/>
        <baseMaterialConfiguration name="Pearl White"  color="STOLL_WHITE2" material="27"/>
        <baseMaterialConfiguration name="Gun Metal"  color="SHARED_GREY5" material="27"/>
        <baseMaterialConfiguration name="Blaze Orange"  color="FLIEGL_ORANGE1" material="27"/>
        <baseMaterialConfiguration name="Nitro Blue"  color="NEWHOLLAND_BLUE1" material="27"/>
        <baseMaterialConfiguration name="Deep Blue"  color="HATZENBICHLER_DARKBLUE1" material="27"/>
        <baseMaterialConfiguration name="Deer Green"  color="JOHNDEERE_GREEN1" material="27"/>
        <baseMaterialConfiguration name="Deer Yellow"  color="JOHNDEERE_YELLOW1" material="27"/>
        <baseMaterialConfiguration name="SILVER"        color="SHARED_GREY2"        material="27" price="2000"/>
        <baseMaterialConfiguration name="CHARCOAL"      color="SHARED_GREY5"        material="27" price="2000"/>
        <baseMaterialConfiguration name="LINE X"        color="0.016 0.016 0.016"   material="25" price="2000"/>
        <baseMaterialConfiguration name="BLACK CHERRY"  color="0.010 0 0 1"         material="27" price="2000"/>
        <baseMaterialConfiguration name="ICONIK BLUE"   color="FENDT_VIOLET1"       material="27" price="2000"/>
        <baseMaterialConfiguration name="TURQUOISE"     color="GOLDHOFER_GREEN1"    material="27" price="2000"/>
        <baseMaterialConfiguration name="MIDNIGHT BLUE" color="0.001 0 0.015 1"     material="27" price="2000"/>
        <baseMaterialConfiguration name="BURNT ORANGE"  color="0.5 0.08 0.0046 1"   material="27" price="2000"/>
        <baseMaterialConfiguration name="CHROME"        color="SHARED_WHITE2"       material="2" price="2500"/>
        <baseMaterialConfiguration name="GOLD"          color="KRONE_YELLOW1"       material="2" price="2500"/>
        <baseMaterialConfiguration name="BLACK CHROME"  color="SHARED_BLACK2"       material="2" price="2500"/>
        <baseMaterialConfiguration name="RED CHROME"    color="CASEIH_RED1"         material="2" price="2500"/>
        <baseMaterialConfiguration name="BLUE CHROME"   color="NEWHOLLAND_BLUE1"    material="2" price="2500"/>
        <baseMaterialConfiguration name="GREEN CHROME"  color="KRONE_GREEN1"        material="2" price="2500"/>
        <baseMaterialConfiguration name="YELLOW CHROME" color="JOHNDEERE_YELLOW1"   material="2" price="2500"/>
        <baseMaterialConfiguration name="ORANGE CHROME" color="STARA_ORANGE"        material="2" price="2500"/>
        <baseMaterialConfiguration name="STAINLESS"     color="SHARED_WHITE2"       material="3" price="2000"/>
        <baseMaterialConfiguration name="GOLD CANDY"    color="KRONE_YELLOW1"       material="3" price="2000"/>
        <baseMaterialConfiguration name="BLACK CANDY"   color="SHARED_BLACK2"       material="3" price="2000"/>
        <baseMaterialConfiguration name="RED CANDY"     color="CASEIH_RED1"         material="3" price="2000"/>
        <baseMaterialConfiguration name="BLUE CANDY"    color="NEWHOLLAND_BLUE1"    material="3" price="2000"/>
        <baseMaterialConfiguration name="GREEN CANDY"   color="KRONE_GREEN1"        material="3" price="2000"/>
        <baseMaterialConfiguration name="YELLOW CANDY"  color="JOHNDEERE_YELLOW1"   material="3" price="2000"/>
        <baseMaterialConfiguration name="ORANGE CANDY"  color="STARA_ORANGE"        material="3" price="2000"/>
        <baseMaterialConfiguration name="WHITE METALIC"     color="SHARED_WHITE2"       material="0" price="1500"/>
        <baseMaterialConfiguration name="TAN METALIC "      color="KRONE_YELLOW1"       material="0" price="1500"/>
        <baseMaterialConfiguration name="BLACK METALIC"     color="SHARED_BLACK2"       material="0" price="1500"/>
        <baseMaterialConfiguration name="RED METALIC"       color="CASEIH_RED1"         material="0" price="1500"/>
        <baseMaterialConfiguration name="BLUE METALIC"      color="NEWHOLLAND_BLUE1"    material="0" price="1500"/>
        <baseMaterialConfiguration name="GREEN METALIC"     color="KRONE_GREEN1"        material="0" price="1500"/>
        <baseMaterialConfiguration name="YELLOW METALIC"    color="JOHNDEERE_YELLOW1"   material="0" price="1500"/>
        <baseMaterialConfiguration name="ORANGE METALIC"    color="STARA_ORANGE"        material="0" price="1500"/>
        <baseMaterialConfiguration name="WHITE MATTE"   color="SHARED_WHITE2"       material="1" price="1250"/>
        <baseMaterialConfiguration name="TAN MATTE"     color="KRONE_YELLOW1"       material="1" price="1250"/>
        <baseMaterialConfiguration name="BLACK MATTE"   color="SHARED_BLACK2"       material="1" price="1250"/>
        <baseMaterialConfiguration name="RED MATTE"     color="CASEIH_RED1"         material="1" price="1250"/>
        <baseMaterialConfiguration name="BLUE MATTE"    color="NEWHOLLAND_BLUE1"    material="1" price="1250"/>
        <baseMaterialConfiguration name="GREEN MATTE"   color="KRONE_GREEN1"        material="1" price="1250"/>
        <baseMaterialConfiguration name="YELLOW MATTE"  color="JOHNDEERE_YELLOW1"   material="1" price="1250"/>
        <baseMaterialConfiguration name="ORANGE MATTE"  color="STARA_ORANGE"        material="1" price="1250"/>
        <baseMaterialConfiguration name="KRONE GREEN"       color="KRONE_GREEN1"            material="0" price="1000"/>
        <baseMaterialConfiguration name="KRONE YELLOW"      color="KRONE_YELLOW1"           material="0" price="1000"/>
        <baseMaterialConfiguration name="CLAAS"             color="0.4 0.6 0.02 1.0"        material="0" price="1000"/>
        <baseMaterialConfiguration name="CLAAS US"          color="0.800 0.443 0.008 1.0"   material="0" price="1000"/>
        <baseMaterialConfiguration name="NEWHOLLAND YELLOW" color="NEWHOLLAND_YELLOW1"      material="0" price="1000"/>
        <baseMaterialConfiguration name="BROWN"             color="SHARED_BROWN1"           material="0" price="1000"/>
        <baseMaterialConfiguration name="CYAN"              color="KOMATSU_CYAN"            material="0" price="1000"/>
        <baseMaterialConfiguration name="HUSQVARNA"         color="HUSQVARNA_ORANGE1"       material="0" price="1000"/>
        <baseMaterialConfiguration name="Black Chrome" color="SHARED_BLACK2" material="2" />
        <baseMaterialConfiguration name="Chrome" color="SHARED_WHITE2" material="2"/>
        <baseMaterialConfiguration name="Silver Metallic" color="ITRUNNER_WHITE1" material="0"/>
        <baseMaterialConfiguration name="Blue Metallic" color="FLIEGL_BLUE1" material="0" />
        <baseMaterialConfiguration name="Purple Metallic" color="LIZARD_PURPLE1" material="0" />
        <baseMaterialConfiguration name="Orange Metallic" color="FIAT_ORANGEPAINT" material="0" />
        <baseMaterialConfiguration name="Black Metallic" color="FIAT_BLACKPAINT"  material="0" />
		<baseMaterialConfiguration name="Nitro Blue" color="NEWHOLLAND_BLUE1" material="27" />
        <material name="body" shaderParameter="colorMat0" />


	</baseMaterialConfigurations>
	
	<designMaterialConfigurations price="1000" useDefaultColors="true" defaultColorIndex="0">
       <designMaterialConfiguration name="New Silver" color="SHARED_GREY2" material="27"/>
        <designMaterialConfiguration name="Scarlet Red"  color="CASEIH_RED1" material="27"/>
        <designMaterialConfiguration name="Pearl White"  color="STOLL_WHITE2" material="27"/>
        <designMaterialConfiguration name="Gun Metal"  color="SHARED_GREY5" material="27"/>
        <designMaterialConfiguration name="Blaze Orange"  color="FLIEGL_ORANGE1" material="27"/>
        <designMaterialConfiguration name="Nitro Blue"  color="NEWHOLLAND_BLUE1" material="27"/>
        <designMaterialConfiguration name="Deep Blue"  color="HATZENBICHLER_DARKBLUE1" material="27"/>
        <designMaterialConfiguration name="Deer Green"  color="JOHNDEERE_GREEN1" material="27"/>
        <designMaterialConfiguration name="Deer Yellow"  color="JOHNDEERE_YELLOW1" material="27"/>
        <designMaterialConfiguration name="SILVER"        color="SHARED_GREY2"        material="27" price="2000"/>
        <designMaterialConfiguration name="CHARCOAL"      color="SHARED_GREY5"        material="27" price="2000"/>
        <designMaterialConfiguration name="LINE X"        color="0.016 0.016 0.016"   material="25" price="2000"/>
        <designMaterialConfiguration name="BLACK CHERRY"  color="0.010 0 0 1"         material="27" price="2000"/>
        <designMaterialConfiguration name="ICONIK BLUE"   color="FENDT_VIOLET1"       material="27" price="2000"/>
        <designMaterialConfiguration name="TURQUOISE"     color="GOLDHOFER_GREEN1"    material="27" price="2000"/>
        <designMaterialConfiguration name="MIDNIGHT BLUE" color="0.001 0 0.015 1"     material="27" price="2000"/>
        <designMaterialConfiguration name="BURNT ORANGE"  color="0.5 0.08 0.0046 1"   material="27" price="2000"/>
        <designMaterialConfiguration name="CHROME"        color="SHARED_WHITE2"       material="2" price="2500"/>
        <designMaterialConfiguration name="GOLD"          color="KRONE_YELLOW1"       material="2" price="2500"/>
        <designMaterialConfiguration name="BLACK CHROME"  color="SHARED_BLACK2"       material="2" price="2500"/>
        <designMaterialConfiguration name="RED CHROME"    color="CASEIH_RED1"         material="2" price="2500"/>
        <designMaterialConfiguration name="BLUE CHROME"   color="NEWHOLLAND_BLUE1"    material="2" price="2500"/>
        <designMaterialConfiguration name="GREEN CHROME"  color="KRONE_GREEN1"        material="2" price="2500"/>
        <designMaterialConfiguration name="YELLOW CHROME" color="JOHNDEERE_YELLOW1"   material="2" price="2500"/>
        <designMaterialConfiguration name="ORANGE CHROME" color="STARA_ORANGE"        material="2" price="2500"/>
        <designMaterialConfiguration name="STAINLESS"     color="SHARED_WHITE2"       material="3" price="2000"/>
        <designMaterialConfiguration name="GOLD CANDY"    color="KRONE_YELLOW1"       material="3" price="2000"/>
        <designMaterialConfiguration name="BLACK CANDY"   color="SHARED_BLACK2"       material="3" price="2000"/>
        <designMaterialConfiguration name="RED CANDY"     color="CASEIH_RED1"         material="3" price="2000"/>
        <designMaterialConfiguration name="BLUE CANDY"    color="NEWHOLLAND_BLUE1"    material="3" price="2000"/>
        <designMaterialConfiguration name="GREEN CANDY"   color="KRONE_GREEN1"        material="3" price="2000"/>
        <designMaterialConfiguration name="YELLOW CANDY"  color="JOHNDEERE_YELLOW1"   material="3" price="2000"/>
        <designMaterialConfiguration name="ORANGE CANDY"  color="STARA_ORANGE"        material="3" price="2000"/>
        <designMaterialConfiguration name="WHITE METALIC"     color="SHARED_WHITE2"       material="0" price="1500"/>
        <designMaterialConfiguration name="TAN METALIC "      color="KRONE_YELLOW1"       material="0" price="1500"/>
        <designMaterialConfiguration name="BLACK METALIC"     color="SHARED_BLACK2"       material="0" price="1500"/>
        <designMaterialConfiguration name="RED METALIC"       color="CASEIH_RED1"         material="0" price="1500"/>
        <designMaterialConfiguration name="BLUE METALIC"      color="NEWHOLLAND_BLUE1"    material="0" price="1500"/>
        <designMaterialConfiguration name="GREEN METALIC"     color="KRONE_GREEN1"        material="0" price="1500"/>
        <designMaterialConfiguration name="YELLOW METALIC"    color="JOHNDEERE_YELLOW1"   material="0" price="1500"/>
        <designMaterialConfiguration name="ORANGE METALIC"    color="STARA_ORANGE"        material="0" price="1500"/>
        <designMaterialConfiguration name="WHITE MATTE"   color="SHARED_WHITE2"       material="1" price="1250"/>
        <designMaterialConfiguration name="TAN MATTE"     color="KRONE_YELLOW1"       material="1" price="1250"/>
        <designMaterialConfiguration name="BLACK MATTE"   color="SHARED_BLACK2"       material="1" price="1250"/>
        <designMaterialConfiguration name="RED MATTE"     color="CASEIH_RED1"         material="1" price="1250"/>
        <designMaterialConfiguration name="BLUE MATTE"    color="NEWHOLLAND_BLUE1"    material="1" price="1250"/>
        <designMaterialConfiguration name="GREEN MATTE"   color="KRONE_GREEN1"        material="1" price="1250"/>
        <designMaterialConfiguration name="YELLOW MATTE"  color="JOHNDEERE_YELLOW1"   material="1" price="1250"/>
        <designMaterialConfiguration name="ORANGE MATTE"  color="STARA_ORANGE"        material="1" price="1250"/>
        <designMaterialConfiguration name="KRONE GREEN"       color="KRONE_GREEN1"            material="0" price="1000"/>
        <designMaterialConfiguration name="KRONE YELLOW"      color="KRONE_YELLOW1"           material="0" price="1000"/>
        <designMaterialConfiguration name="CLAAS"             color="0.4 0.6 0.02 1.0"        material="0" price="1000"/>
        <designMaterialConfiguration name="CLAAS US"          color="0.800 0.443 0.008 1.0"   material="0" price="1000"/>
        <designMaterialConfiguration name="NEWHOLLAND YELLOW" color="NEWHOLLAND_YELLOW1"      material="0" price="1000"/>
        <designMaterialConfiguration name="BROWN"             color="SHARED_BROWN1"           material="0" price="1000"/>
        <designMaterialConfiguration name="CYAN"              color="KOMATSU_CYAN"            material="0" price="1000"/>
        <designMaterialConfiguration name="HUSQVARNA"         color="HUSQVARNA_ORANGE1"       material="0" price="1000"/>
        <designMaterialConfiguration name="Black Chrome" color="SHARED_BLACK2" material="2" />
        <designMaterialConfiguration name="Chrome" color="SHARED_WHITE2" material="2"/>
        <designMaterialConfiguration name="Silver Metallic" color="ITRUNNER_WHITE1" material="0"/>
        <designMaterialConfiguration name="Blue Metallic" color="FLIEGL_BLUE1" material="0" />
        <designMaterialConfiguration name="Purple Metallic" color="LIZARD_PURPLE1" material="0" />
        <designMaterialConfiguration name="Orange Metallic" color="FIAT_ORANGEPAINT" material="0" />
        <designMaterialConfiguration name="Black Metallic" color="FIAT_BLACKPAINT"  material="0" />
        <material name="design" shaderParameter="colorMat1" />	
        <material name="design1" shaderParameter="colorMat1" />			
    </designMaterialConfigurations>      

    <wearable wearDuration="480" workMultiplier="5" fieldMultiplier="2"/>
    <washable dirtDuration="90" washDuration="1" workMultiplier="3" fieldMultiplier="2"/>

	
	<!-- good practice to make these in order with the Game editor senograph to prevent confussion for the game engine-->
    <i3dMappings>
        <i3dMapping id="main_component1" node="0>" />

        <i3dMapping id="wheelFrontLeft" node="0>0|0|0" />
        <i3dMapping id="wheelBackLeft" node="0>0|0|1" />
        <i3dMapping id="wheelFrontRight" node="0>0|0|2" />
        <i3dMapping id="wheelBackRight" node="0>0|0|3" />
        <i3dMapping id="frontLightHigh" node="0>0|1|0" />
        <i3dMapping id="highBeamHigh" node="0>0|1|1" />
        <i3dMapping id="turnLightRightBack" node="0>0|1|2" />
        <i3dMapping id="turnLightRightFront" node="0>0|1|3" />
        <i3dMapping id="turnLightLeftBack" node="0>0|1|4" />
        <i3dMapping id="turnLightLeftFront" node="0>0|1|5" />
        <i3dMapping id="backLightsHigh1" node="0>0|1|6" />
        <i3dMapping id="frontLightLow" node="0>0|1|7" />
        <i3dMapping id="frontLight" node="0>0|1|8|0" />
        <i3dMapping id="turnlightRight" node="0>0|1|8|1" />
        <i3dMapping id="turnlightLeft" node="0>0|1|8|2" />
        <i3dMapping id="backLight" node="0>0|1|8|3" />
        <i3dMapping id="outdoorCameraTarget" node="0>0|2|0" />
        <i3dMapping id="outdoorCamera1" node="0>0|2|0|0" />
        <i3dMapping id="indoorCamera1" node="0>0|2|1" />
        <i3dMapping id="cameraRaycastNode1" node="0>0|2|2" />
        <i3dMapping id="cameraRaycastNode2" node="0>0|2|3" />
        <i3dMapping id="cameraRaycastNode3" node="0>0|2|4" />
        <i3dMapping id="shadowFocusBox" node="0>0|2|5" />
        <i3dMapping id="steeringWheel" node="0>0|3|0" />
        <i3dMapping id="leftArm" node="0>0|3|0|0" />
        <i3dMapping id="rightArm" node="0>0|3|0|1" />
        <i3dMapping id="player_skin" node="0>0|4|0" />
        <i3dMapping id="player_rightFoot" node="0>0|4|1" />
        <i3dMapping id="player_leftFoot" node="0>0|4|2" />
        <i3dMapping id="exitPoint" node="0>0|5" />
        <i3dMapping id="mirror01" node="0>0|6|0" />
        <i3dMapping id="mirror02" node="0>0|6|1" />
        <i3dMapping id="mirror03" node="0>0|6|2" />
        <i3dMapping id="tensionBelts" node="0>0|7" />
        <i3dMapping id="tensionBeltStart1" node="0>0|14|0|4|0" />
        <i3dMapping id="tensionBeltEnd1" node="0>0|14|0|4|0|0" />
        <i3dMapping id="tensionBeltStart2" node="0>0|14|0|4|1" />
        <i3dMapping id="tensionBeltEnd2" node="0>0|14|0|4|1|0" />
        <i3dMapping id="tensionBeltStart3" node="0>0|14|0|4|2" />
        <i3dMapping id="tensionBeltEnd3" node="0>0|14|0|4|2|0" />
        <i3dMapping id="tensionBeltStart4" node="0>0|14|0|4|3" />
        <i3dMapping id="tensionBeltEnd4" node="0>0|14|0|4|3|0" />
        <i3dMapping id="beltActivationTrigger" node="0>0|7|4" />
        <i3dMapping id="exhaustParticleLeft" node="0>0|8" />
        <i3dMapping id="trailerAttacherJointBack" node="0>0|14|11|0|0|0" />
        <i3dMapping id="electricBack" node="0>0|10" />
        <i3dMapping id="cabinDecalsLight" node="0>0|11|0" />
        <i3dMapping id="rpm_indicator" node="0>0|11|1|0" />
        <i3dMapping id="fuel_indicator" node="0>0|11|2|0" />
        <i3dMapping id="temp_indicator" node="0>0|11|3|0" />
        <i3dMapping id="speed_indicator" node="0>0|11|4|0" />
        <i3dMapping id="gasPedal" node="0>0|11|5" />
        <i3dMapping id="player_rightFootGas" node="0>0|11|5|0" />
        <i3dMapping id="brakePedal" node="0>0|11|6" />
        <i3dMapping id="player_rightFootBrake" node="0>0|11|6|0" />
        <i3dMapping id="backDoor" node="0>0|14|0|1" />

        <i3dMapping id="aiCollisionTrigger" node="0>0|13" />
    </i3dMappings>
</vehicle>
