﻿<?xml version="1.0" encoding="utf-8" standalone="no" ?>
<modDesc descVersion="62">
    <author>FedAction(FedMods)</author>
	===============================================================
    <version>1.1</version>
	===============================================================
    <iconFilename>textures/holzdirekt.dds</iconFilename>
	===============================================================
    <multiplayer supported="true" />
   ===============================================================
    <storeItems>
        <storeItem xmlFilename="Holzdirekt.xml"/>
    </storeItems>
	===============================================================
	<title>
        <de>Holzdirektverkauf</de>
        <en>Selling Wood</en>
    </title>
	===============================================================
    <description>
        <de>Holzdirektverkauf</de>
        <en>Selling Wood</en>
    </description>
	===============================================================	
	<brands>
        <brand name="FEDMODS" title="FedAction Mods" image="textures/FedMods.dds"/>
    </brands>
===============================================================	
 <l10n>
        <text name="shopItem_Holzverkauf">
            <en>Sell Wood</en>
            <de>Holzverkauf</de>
        </text>
        <text name="function_Holzverkauf">
            <en>Selling Wood Station</en>
            <de>Hier kann einfach und schnell Holz verkaufen werden</de>
        </text>
    </l10n>
</modDesc>
