﻿<?xml version="1.0" encoding="utf-8" standalone="no" ?>
<modDesc descVersion="61">

    <author>Hispano</author>
    <contributor>Achimobil / GIANTS Software</contributor>
    <version>1.6.0.0</version>
	
    <title>
        <en>Kroeger Agroliner PWO 24 AutoLoad</en>
    </title>
	
    <description>
        <en>Kroeger Agroliner PWO 24 AutoLoad</en>
    </description>
	
    <iconFilename>icon.png</iconFilename>
	
    <storeItems>
        <storeItem xmlFilename="pwo24.xml"/>
    </storeItems>
	
	<extraSourceFiles>
        <sourceFile filename="main.lua" />
    </extraSourceFiles>
	
	<vehicleTypes>
		<type name="AutoLoaderTrailer" parent="baseAttachable" filename="$dataS/scripts/vehicles/Vehicle.lua">
			<specialization name="palletAutoLoader"/>
			<specialization name="fillUnit" />
			<specialization name="dynamicMountAttacher" />
			<specialization name="tensionBelts" />
		</type>
	</vehicleTypes>	
	
	<l10n>
		<text name="palletAutoLoader_nothingToLoad"> 
			<en>disable Autoload</en>
			<de>Autoload: nichts zu laden</de>
			<es>Deshabilitar Autoload</es>
		</text>
		<text name="palletAutoLoader_loadPallets">
			<en>enable Autoload</en>
			<de>Autoload Paletten</de>
			<es>Activar Autoload</es>
		</text>
		<text name="function_PalletAutoload_Trailer"> 
			<en>Trailer with Autoload for pallets</en> 
			<de>Anhänger mit Autoload für Paletten</de> 
			<es>Remolque con Autoload para palets</es>
		</text>
		<text name="PalletAutoload_Trailer"> 
			<en>Pallets can be loaded individually and completely unloaded again.</en> 
			<de>Paletten können einzeln aufgeladen und komplett auch wieder abgeladen werden.</de> 
			<es>Los palets se pueden cargar individualmente y volver a descargarlos por completo.</es>
		</text>
		<text name="palletAutoLoader_LoadingType"> 
			<en>LoadingType</en> 
			<de>Ladegut</de> 
			<es>Tipo de carga</es>
		</text>
		<text name="palletAutoLoader_liquidTank"> 
			<en>liquidTank</en> 
			<de>Flüssigkeitstanks</de> 
			<es>Tanque de Liquidos</es>
		</text>
		<text name="palletAutoLoader_euroPallet"> 
			<en>euroPallet</en> 
			<de>Euro Paletten</de> 
			<es>Euro Pallet</es>
		</text>
		<text name="palletAutoLoader_bigBagPallet"> 
			<en>bigBag Pallet</en> 
			<de>Bigbag Paletten</de> 
			<es>BigBag Pallet</es>
		</text>
		<text name="palletAutoLoader_tipside"> 
			<en>Tipside</en> 
			<de>Abladeseite</de> 
			<es>Lado de Descarga</es>
		</text>
		<text name="palletAutoLoader_left"> 
			<en>left</en> 
			<de>Links</de> 
			<es>Izquierda</es>
		</text>
		<text name="palletAutoLoader_right"> 
			<en>right</en> 
			<de>Rechts</de> 
			<es>Derecha</es>
		</text>
	</l10n>
	
</modDesc>
