﻿<?xml version="1.0" encoding="utf-8" standalone="no" ?>
<modDesc descVersion="61">
    <author>SampeyFS</author>
    <version>1.0.0.0</version>
   
    <title>
        <en>Paglia station</en>
		<de>Paglia station</de>
    </title>

    <description>
        <en>Stazione per comprare la paglia se non avete ancora i campi per avere la paglia</en>
		<de>Stazione per comprare la paglia se non avete ancora i campi per avere la paglia</de>
	</description>
		
    <iconFilename>store/store.dds</iconFilename>
    <storeItems>
        <storeItem xmlFilename="StrawStation.xml"/>
    </storeItems>
</modDesc>
