<?xml version="1.0" encoding="utf-8" standalone="no" ?>
<placeable type="buyingStation" xmlns:xsi="http://www.w3.org/2001/XMLSchema-instance" xsi:noNamespaceSchemaLocation="../../../../shared/xml/schema/placeable.xsd">
   <storeData>
        <name>Paglia Station</name>
        <image>store/store.dds</image>
        <price>35</price>
        <dailyUpkeep>10</dailyUpkeep>
        <canBeSold>true</canBeSold>
        <showInStore>true</showInStore>
        <rotation>0</rotation>
        <brand>LIZARD</brand>
        <species>placeable</species>
        <category>placeableMisc</category>
        <brush>
            <type>placeable</type>
            <category>buildings</category>
            <tab>tools</tab>
        </brush>
        <vertexBufferMemoryUsage>146944</vertexBufferMemoryUsage>
        <indexBufferMemoryUsage>20992</indexBufferMemoryUsage>
        <textureMemoryUsage>1638400</textureMemoryUsage>
        <instanceVertexBufferMemoryUsage>0</instanceVertexBufferMemoryUsage>
        <instanceIndexBufferMemoryUsage>0</instanceIndexBufferMemoryUsage>
        <audioMemoryUsage>0</audioMemoryUsage>
    </storeData>


    <base>
        <filename>Station.i3d</filename>
    </base>

    <placement useRandomYRotation="false" useManualYRotation="true" >
        <testAreas>
            <testArea startNode="testArea1Start" endNode="testArea1End" />
        </testAreas>
    </placement>

    <clearAreas>
        <clearArea startNode="clearArea1Start" widthNode="clearArea1Width" heightNode="clearArea1Height"/>
    </clearAreas>

    <leveling requireLeveling="true" maxSmoothDistance="1" maxSlope="75" maxEdgeAngle="30">
        <levelAreas>
            <levelArea startNode="levelArea1Start" widthNode="levelArea1Width" heightNode="levelArea1Height" groundType="straw"/>
        </levelAreas>
    </leveling>

    <indoorAreas />

    <ai>
        <updateAreas>
            <updateArea startNode="tipOcclusionUpdateArea1Start" endNode="tipOcclusionUpdateArea1End" />
        </updateAreas>
    </ai>

    <tipOcclusionUpdateAreas>
        <tipOcclusionUpdateArea startNode="tipOcclusionUpdateArea1Start" endNode="tipOcclusionUpdateArea1End" />
    </tipOcclusionUpdateAreas>

    <buyingStation node="buyingStation" supportsExtension="false">
        <loadTrigger triggerNode="loadingTrigger" fillTypes="STRAW" fillLitersPerSecond="700" infiniteCapacity="true" aiNode="aiNodeLoading" />
        <fillType name="straw" priceScale="0.8" />
    </buyingStation>

    <hotspots>
        <hotspot type="LOADING" linkNode="mapPosition" />
    </hotspots>

    <triggerMarkers>
        <triggerMarker node="markerLoading" filename="$data/shared/assets/marker/markerIcons.xml" id="LOAD" />
    </triggerMarkers>

    <i3dMappings>
        <i3dMapping id="buyingStation" node="0>0" />
        <i3dMapping id="mapPosition" node="0>0|0" />
        <i3dMapping id="loadingTrigger" node="0>0|1|0" />
        <i3dMapping id="dischargeNode" node="0>0|1|1" />
        <i3dMapping id="aiNodeLoading" node="0>0|1|2" />
        <i3dMapping id="clearArea1Start" node="0>1|0" />
        <i3dMapping id="clearArea1Width" node="0>1|0|0" />
        <i3dMapping id="clearArea1Height" node="0>1|0|1" />
        <i3dMapping id="levelArea1Start" node="0>2|0" />
        <i3dMapping id="levelArea1Width" node="0>2|0|0" />
        <i3dMapping id="levelArea1Height" node="0>2|0|1" />
        <i3dMapping id="testArea1Start" node="0>3|0" />
        <i3dMapping id="testArea1End" node="0>3|0|0" />
        <i3dMapping id="tipOcclusionUpdateArea1Start" node="0>4|0" />
        <i3dMapping id="tipOcclusionUpdateArea1End" node="0>4|0|0" />
        <i3dMapping id="markerLoading" node="0>5" />
    </i3dMappings>
</placeable>
